{"cameraMode":{"drawMode":0,"name":"Shaded","section":"Shading Mode"},"sceneLighting":true,"audioPlay":false,"sceneViewState":{"m_AlwaysRefresh":false,"showFog":true,"showSkybox":true,"showFlares":true,"showImageEffects":true,"showParticleSystems":true,"showVisualEffectGraphs":true,"m_FxEnabled":true},"in2DMode":false,"pivot":{"x":2.4820353984832765,"y":4.685388565063477,"z":-3.3030335903167726},"rotation":{"x":0.03298201039433479,"y":0.026982009410858156,"z":-0.0008907284354791045,"w":0.9990912675857544},"size":14.632829666137696,"orthographic":true}